图鉴编号,一阶精灵,蛋组,异色类型
21,小灵菇,植物组 / 魔力组,常驻异色
30,恶魔叮,妖精组,常驻异色
35,幽影树,植物组 / 妖精组,常驻异色
41,奇丽草,植物组,常驻异色
52,嘟嘟煲,妖精组 / 大地组,常驻异色
71,伊贝儿,软体组 / 植物组,常驻异色
76,海盔虫,海洋组 / 巨灵组,常驻异色
79,菊花梨,植物组,常驻异色
85,小夜,拟人组 / 妖精组,常驻异色
99,小草虫,拟人组 / 昆虫组,常驻异色
116,小独角兽,动物组 / 巨灵组,常驻异色
121,小黑猫,动物组 / 妖精组,常驻异色
131,恶魔狼,动物组,常驻异色
137,呼呼猪,动物组,常驻异色
142,大耳帽兜,拟人组 / 妖精组,常驻异色
147,灵狐,动物组,常驻异色
162,公平鸽,天空组,常驻异色
177,斑斑,天空组,常驻异色
198,逗逗,动物组 / 巨灵组,常驻异色
205,拉特,妖精组,常驻异色
231,小鹬,天空组,常驻异色
237,刺轮砣,海洋组,常驻异色
239,豆丁鱼,海洋组 / 飞龙组,常驻异色
255,治愈兔,动物组 / 妖精组,常驻异色
263,机械方方,机械组 / 拟人组,常驻异色
266,可立鸡,天空组 / 拟人组,常驻异色
274,格兰种子,植物组 / 妖精组,常驻异色
277,地鼠,动物组,常驻异色
320,双灯鱼,海洋组,赛季奇遇
322,月牙雪熊,动物组 / 巨灵组,赛季奇遇
323,嗜光嗡嗡,昆虫组,赛季奇遇
325,柴渣虫,植物组 / 昆虫组,赛季奇遇
327,空空颅,巨灵组 / 魔力组,赛季奇遇
330,粉粉星,软体组 / 妖精组,赛季奇遇
332,贝瑟,机械组,赛季奇遇
335,粉星仔,天空组 / 妖精组,赛季奇遇
340,火红尾,动物组,活动异色
358,猴麦仔,动物组 / 机械组,赛季奇遇
360,加油海葵,妖精组 / 两栖组,赛季奇遇
362,小丑豆豆,妖精组 / 拟人组,赛季奇遇
365,烟花团,机械组 / 魔力组,赛季奇遇
367,咕咕帽,妖精组,赛季奇遇
369,炫光迪迪,动物组 / 大地组,赛季奇遇
371,小鼓象,动物组 / 机械组,赛季奇遇
373,牵线木偶,妖精组 / 拟人组,赛季奇遇
379,叮叮卯,昆虫组 / 机械组,常驻异色
400,瑰眼仔,巨灵组 / 昆虫组,常驻异色
403,觅觅蝠,巨灵组 / 天空组,常驻异色
406,芽眼魔,巨灵组 / 妖精组,常驻异色
422,蝴蝶陶陶,动物组 / 拟人组,赛季奇遇
425,苞米仔,植物组 / 拟人组,赛季奇遇
427,十字蝌蚪,两栖组 / 拟人组,赛季奇遇
430,卡波,妖精组,赛季奇遇
432,守夜烛,妖精组,赛季奇遇
434,蜜果骸,妖精组 / 植物组,赛季奇遇
436,稻草人,妖精组,赛季奇遇
438,栗鼠,动物组,赛季奇遇
452,章脑丸,妖精组 / 软体组,赛季奇遇
454,未完虫,昆虫组 / 魔力组,赛季奇遇
455,玳龟,巨灵组 / 两栖组,赛季奇遇
457,量风碗,昆虫组 / 机械组,赛季奇遇
459,小浣蛋,动物组 / 拟人组,赛季奇遇
461,幽铃,妖精组 / 魔力组,赛季奇遇
463,星星眼,天空组 / 大地组,赛季奇遇
464,布灵,妖精组,赛季奇遇
